name,val_loss,val_accuracy,loss,accuracy,runtime,build_fn_params.hidden_activation,build_fn_params.loss,build_fn_params.optimizer,build_fn_params.output_activation,dataset_params.batch_size,dataset_params.color_mode,dataset_params.crop_to_aspect_ratio,dataset_params.image_size.0,dataset_params.image_size.1,dataset_params.interpolation,dataset_params.label_mode,early_stopping_params.patience,fit_params.epochs,lr
edging_rebuttal,0.21925537288188934,0.9330357313156128,0.13975395262241364,0.9491051435470581,2023-10-29 11:01:27,relu,binary_crossentropy,adam,sigmoid,128,grayscale,False,64,64,bilinear,binary,50,10000000000,0.001
jingling_hunchback,0.2366579920053482,0.9040178656578064,0.13107652962207794,0.9496644139289856,2023-10-29 07:44:54,relu,binary_crossentropy,adam,sigmoid,64,rgb,False,64,64,bilinear,binary,50,10000000000,0.001
sequester_observing,0.2538833022117615,0.9151785969734192,0.16607458889484406,0.9351230263710022,2023-10-29 04:34:37,relu,binary_crossentropy,adam,sigmoid,64,grayscale,False,64,64,bilinear,binary,50,10000000000,0.001
abacus_darkness,0.26099255681037903,0.8883928656578064,0.19734562933444977,0.9189038276672363,2023-10-29 14:02:24,relu,binary_crossentropy,adam,sigmoid,128,rgb,False,32,32,bilinear,binary,50,10000000000,0.001
unmanaged_scarring,0.2657083570957184,0.8928571343421936,0.21298567950725555,0.9161073565483093,2023-10-29 01:21:32,swish,binary_crossentropy,adam,sigmoid,32,rgb,False,64,64,bilinear,binary,50,10000000000,0.001
tuition_chirping,0.26571688055992126,0.8883928656578064,0.17014309763908386,0.9379194378852844,2023-10-29 07:28:06,relu,binary_crossentropy,adam,sigmoid,64,rgb,False,32,32,bilinear,binary,50,10000000000,0.001
backtalk_straggler,0.2674378454685211,0.8973214030265808,0.21246518194675446,0.9172259569168091,2023-10-29 19:46:40,swish,binary_crossentropy,adam,sigmoid,32,grayscale,False,64,64,bilinear,binary,50,10000000000,
dominoes_repulsion,0.27287137508392334,0.8839285969734192,0.22307820618152618,0.9149888157844543,2023-10-29 19:37:23,relu,binary_crossentropy,adam,sigmoid,32,grayscale,False,64,64,bilinear,binary,50,10000000000,
unbalance_entrench,0.2826554477214813,0.8973214030265808,0.13236862421035767,0.9597315192222595,2023-10-29 08:07:49,relu,binary_crossentropy,adam,sigmoid,64,rgb,False,128,128,bilinear,binary,50,10000000000,0.001
twig_choking,0.29159197211265564,0.8839285969734192,0.21320270001888275,0.9144295454025269,2023-10-27 15:19:12,relu,binary_crossentropy,adam,sigmoid,32,grayscale,False,64,64,bilinear,binary,50,10000000000,0.001
imminent_uninsured,0.29320240020751953,0.890625,0.19088368117809296,0.9267337918281555,2023-10-30 09:24:51,relu,binary_crossentropy,adam,sigmoid,128,grayscale,False,64,64,bilinear,binary,50,10000000000,
hypnotist_unshackle,0.2973814606666565,0.8861607313156128,0.2057344764471054,0.9267337918281555,2023-10-28 02:41:05,relu,binary_crossentropy,adam,sigmoid,64,rgb,False,256,256,bilinear,binary,50,10000000000,0.001
cleaver_cargo,0.2982613742351532,0.8839285969734192,0.18586425483226776,0.926174521446228,2023-10-29 23:16:36,swish,binary_crossentropy,adam,sigmoid,32,rgb,False,64,64,bilinear,binary,50,10000000000,
monetary_conceal,0.29836127161979675,0.8727678656578064,0.22748643159866333,0.9127516746520996,2023-10-28 01:02:09,swish,binary_crossentropy,adam,sigmoid,64,rgb,False,64,64,bilinear,binary,50,10000000000,0.001
crawlers_exception,0.30126824975013733,0.8950892686843872,0.16627301275730133,0.9373601675033569,2023-10-30 13:14:47,swish,binary_crossentropy,adam,sigmoid,128,rgb,False,64,64,bilinear,binary,50,10000000000,
fragility_aching,0.30239030718803406,0.8816964030265808,0.24147257208824158,0.9015659689903259,2023-10-29 01:07:42,swish,binary_crossentropy,adam,sigmoid,32,rgb,False,32,32,bilinear,binary,50,10000000000,0.001
confiding_dingbat,0.30248522758483887,0.875,0.22120919823646545,0.9127516746520996,2023-10-30 13:04:43,selu,binary_crossentropy,adam,sigmoid,128,rgb,False,64,64,bilinear,binary,50,10000000000,
dime_depth,0.3033333122730255,0.8727678656578064,0.1878291219472885,0.926174521446228,2023-10-29 07:33:07,selu,binary_crossentropy,adam,sigmoid,64,rgb,False,32,32,bilinear,binary,50,10000000000,0.001
domelike_condense,0.30466780066490173,0.8928571343421936,0.26189014315605164,0.8909395933151245,2023-10-29 10:42:52,relu,binary_crossentropy,adam,sigmoid,128,grayscale,False,32,32,bilinear,binary,50,10000000000,0.001
legislate_unable,0.30901914834976196,0.8683035969734192,0.24904471635818481,0.9043624401092529,2023-10-30 09:17:51,swish,binary_crossentropy,adam,sigmoid,128,grayscale,False,32,32,bilinear,binary,50,10000000000,
padded_thirsting,0.3090682625770569,0.8772321343421936,0.1652945727109909,0.9368008971214294,2023-10-30 12:41:51,relu,binary_crossentropy,adam,sigmoid,128,rgb,False,32,32,bilinear,binary,50,10000000000,
grime_itunes,0.30938461422920227,0.8772321343421936,0.24545519053936005,0.9099552631378174,2023-10-28 01:44:22,swish,binary_crossentropy,adam,sigmoid,64,rgb,False,128,128,bilinear,binary,50,10000000000,0.001
oven_flanked,0.31175532937049866,0.8616071343421936,0.1736903339624405,0.9429529905319214,2023-10-27 22:55:46,relu,binary_crossentropy,adam,sigmoid,64,grayscale,False,256,256,bilinear,binary,50,10000000000,0.001
unclothed_stainless,0.3120846450328827,0.8683035969734192,0.13959750533103943,0.9563758373260498,2023-10-29 08:19:40,selu,binary_crossentropy,adam,sigmoid,64,rgb,False,128,128,bilinear,binary,50,10000000000,0.001
strum_goon,0.31291720271110535,0.8727678656578064,0.24750371277332306,0.9021252989768982,2023-10-29 22:48:33,relu,binary_crossentropy,adam,sigmoid,32,rgb,False,32,32,bilinear,binary,50,10000000000,
chitchat_snowdrift,0.3136132061481476,0.8772321343421936,0.217666894197464,0.9244966506958008,2023-10-28 00:49:51,relu,binary_crossentropy,adam,sigmoid,64,rgb,False,64,64,bilinear,binary,50,10000000000,0.001
riddance_trend,0.3141822814941406,0.8816964030265808,0.2758347988128662,0.886465311050415,2023-10-27 15:26:26,swish,binary_crossentropy,adam,sigmoid,32,grayscale,False,64,64,bilinear,binary,50,10000000000,0.001
conform_shortness,0.31440505385398865,0.8861607313156128,0.13335168361663818,0.9636465311050415,2023-10-29 23:43:28,selu,binary_crossentropy,adam,sigmoid,32,rgb,False,128,128,bilinear,binary,50,10000000000,
acrobat_graceful,0.3151482045650482,0.8683035969734192,0.28229060769081116,0.8942952752113342,2023-10-30 09:36:50,swish,binary_crossentropy,adam,sigmoid,128,grayscale,False,64,64,bilinear,binary,50,10000000000,
clunky_slicer,0.3163759112358093,0.8683035969734192,0.23006542026996613,0.9038031101226807,2023-10-29 07:38:25,swish,binary_crossentropy,adam,sigmoid,64,rgb,False,32,32,bilinear,binary,50,10000000000,0.001
chef_silliness,0.3181411325931549,0.8928571343421936,0.11286897212266922,0.9602908492088318,2023-10-30 06:48:57,swish,binary_crossentropy,adam,sigmoid,64,rgb,False,128,128,bilinear,binary,50,10000000000,
hassle_amount,0.3194791376590729,0.8772321343421936,0.18236811459064484,0.9401565790176392,2023-10-27 17:51:35,relu,binary_crossentropy,adam,sigmoid,32,rgb,False,32,32,bilinear,binary,50,10000000000,0.001
maternal_animal,0.32109779119491577,0.8683035969734192,0.20867252349853516,0.9149888157844543,2023-10-27 21:22:29,relu,binary_crossentropy,adam,sigmoid,64,grayscale,False,64,64,bilinear,binary,50,10000000000,0.001
crease_rambling,0.321665495634079,0.8660714030265808,0.29255056381225586,0.8724831938743591,2023-10-27 21:17:39,swish,binary_crossentropy,adam,sigmoid,64,grayscale,False,32,32,bilinear,binary,50,10000000000,0.001
tumbling_footwork,0.3222751021385193,0.8660714030265808,0.21824617683887482,0.9149888157844543,2023-10-29 08:34:37,swish,binary_crossentropy,adam,sigmoid,64,rgb,False,128,128,bilinear,binary,50,10000000000,0.001
unvalued_sprout,0.3239622116088867,0.875,0.21907171607017517,0.9116331338882446,2023-10-29 14:21:43,relu,binary_crossentropy,adam,sigmoid,128,rgb,False,64,64,bilinear,binary,50,10000000000,0.001
refresh_yearling,0.3239765167236328,0.8839285969734192,0.27460235357284546,0.8881431818008423,2023-10-27 14:03:44,relu,binary_crossentropy,adam,sigmoid,32,grayscale,False,32,32,bilinear,binary,50,10000000000,
debrief_subway,0.3243522644042969,0.8683035969734192,0.29580381512641907,0.8758389353752136,2023-10-29 22:57:41,swish,binary_crossentropy,adam,sigmoid,32,rgb,False,32,32,bilinear,binary,50,10000000000,
used_sizzling,0.3251016438007355,0.875,0.3066907823085785,0.8758389353752136,2023-10-29 04:44:48,swish,binary_crossentropy,adam,sigmoid,64,grayscale,False,64,64,bilinear,binary,50,10000000000,0.001
definite_growing,0.32589054107666016,0.8526785969734192,0.27089324593544006,0.8926174640655518,2023-10-30 12:53:48,swish,binary_crossentropy,adam,sigmoid,128,rgb,False,32,32,bilinear,binary,50,10000000000,
directory_graveness,0.3282400071620941,0.8794642686843872,0.20370890200138092,0.9172259569168091,2023-10-30 03:00:43,relu,binary_crossentropy,adam,sigmoid,64,grayscale,False,64,64,bilinear,binary,50,10000000000,
patience_flagship,0.3310619294643402,0.84375,0.20533479750156403,0.9239373803138733,2023-10-28 23:40:17,relu,binary_crossentropy,adam,sigmoid,32,grayscale,False,256,256,bilinear,binary,50,10000000000,0.001
frosty_shorthand,0.3313359320163727,0.875,0.33692222833633423,0.8573825359344482,2023-10-27 21:11:09,relu,binary_crossentropy,adam,sigmoid,64,grayscale,False,32,32,bilinear,binary,50,10000000000,0.001
aorta_departure,0.3325324058532715,0.875,0.22847124934196472,0.9015659689903259,2023-10-30 05:49:42,selu,binary_crossentropy,adam,sigmoid,64,rgb,False,32,32,bilinear,binary,50,10000000000,
scoundrel_curse,0.3358769416809082,0.8683035969734192,0.16553911566734314,0.9390380382537842,2023-10-28 00:36:03,relu,binary_crossentropy,adam,sigmoid,64,rgb,False,32,32,bilinear,binary,50,10000000000,0.001
robbing_coherent,0.33891192078590393,0.859375,0.2922370433807373,0.8859060406684875,2023-10-28 04:40:59,swish,binary_crossentropy,adam,sigmoid,128,grayscale,False,32,32,bilinear,binary,50,10000000000,0.001
puritan_scapegoat,0.3400476276874542,0.8549107313156128,0.3060763478279114,0.8736017942428589,2023-10-28 22:24:21,swish,binary_crossentropy,adam,sigmoid,32,grayscale,False,32,32,bilinear,binary,50,10000000000,0.001
buffing_ribcage,0.3415556848049164,0.8482142686843872,0.18100816011428833,0.9256151914596558,2023-10-29 04:21:29,relu,binary_crossentropy,adam,sigmoid,64,grayscale,False,32,32,bilinear,binary,50,10000000000,0.001
false_wifi,0.34316200017929077,0.8660714030265808,0.27120691537857056,0.891498863697052,2023-10-28 04:32:08,relu,binary_crossentropy,adam,sigmoid,128,grayscale,False,32,32,bilinear,binary,50,10000000000,0.001
dexterity_nerd,0.345688134431839,0.8638392686843872,0.2907944321632385,0.8926174640655518,2023-10-30 07:26:16,relu,binary_crossentropy,adam,sigmoid,64,rgb,False,256,256,bilinear,binary,50,10000000000,
agnostic_stuffed,0.34638699889183044,0.8415178656578064,0.23683211207389832,0.9054809808731079,2023-10-29 07:56:03,swish,binary_crossentropy,adam,sigmoid,64,rgb,False,64,64,bilinear,binary,50,10000000000,0.001
postwar_humvee,0.3465287983417511,0.8616071343421936,0.27210092544555664,0.8836688995361328,2023-10-27 17:57:53,swish,binary_crossentropy,adam,sigmoid,32,rgb,False,32,32,bilinear,binary,50,10000000000,0.001
stung_savings,0.34888121485710144,0.8482142686843872,0.3080647885799408,0.8708053827285767,2023-10-29 19:32:36,swish,binary_crossentropy,adam,sigmoid,32,grayscale,False,32,32,bilinear,binary,50,10000000000,
quicken_coherence,0.35063979029655457,0.8638392686843872,0.16329559683799744,0.9496644139289856,2023-10-29 14:28:41,selu,binary_crossentropy,adam,sigmoid,128,rgb,False,64,64,bilinear,binary,50,10000000000,0.001
upper_finishing,0.3527136445045471,0.8794642686843872,0.1845370978116989,0.9317673444747925,2023-10-30 14:01:17,swish,binary_crossentropy,adam,sigmoid,128,rgb,False,128,128,bilinear,binary,50,10000000000,
level_dazzler,0.35286667943000793,0.8415178656578064,0.2378048300743103,0.8948546051979065,2023-10-29 23:03:55,relu,binary_crossentropy,adam,sigmoid,32,rgb,False,64,64,bilinear,binary,50,10000000000,
luridness_tiny,0.35292601585388184,0.8616071343421936,0.21030445396900177,0.9166666865348816,2023-10-27 18:11:49,swish,binary_crossentropy,adam,sigmoid,32,rgb,False,64,64,bilinear,binary,50,10000000000,0.001
plastic_bonnet,0.35300564765930176,0.8482142686843872,0.0837683454155922,0.9899328947067261,2023-10-30 15:49:49,selu,binary_crossentropy,adam,sigmoid,128,rgb,False,256,256,bilinear,binary,50,10000000000,
contents_oyster,0.35572150349617004,0.8705357313156128,0.2094310075044632,0.9177852272987366,2023-10-29 14:35:36,swish,binary_crossentropy,adam,sigmoid,128,rgb,False,64,64,bilinear,binary,50,10000000000,0.001
shown_exert,0.35625800490379333,0.8526785969734192,0.21333593130111694,0.9211409687995911,2023-10-28 22:36:57,swish,binary_crossentropy,adam,sigmoid,32,grayscale,False,64,64,bilinear,binary,50,10000000000,0.001
stump_penpal,0.3580479025840759,0.859375,0.27267175912857056,0.8909395933151245,2023-10-29 10:52:05,swish,binary_crossentropy,adam,sigmoid,128,grayscale,False,32,32,bilinear,binary,50,10000000000,0.001
unhearing_jury,0.35900476574897766,0.8571428656578064,0.21738265454769135,0.9105145335197449,2023-10-30 05:55:49,swish,binary_crossentropy,adam,sigmoid,64,rgb,False,32,32,bilinear,binary,50,10000000000,
bleak_aqua,0.36036252975463867,0.8549107313156128,0.19566522538661957,0.926174521446228,2023-10-27 21:35:18,swish,binary_crossentropy,adam,sigmoid,64,grayscale,False,64,64,bilinear,binary,50,10000000000,0.001
iphone_crewless,0.3613443970680237,0.8392857313156128,0.17727088928222656,0.9502236843109131,2023-10-30 06:32:45,selu,binary_crossentropy,adam,sigmoid,64,rgb,False,128,128,bilinear,binary,50,10000000000,
grazing_kinsman,0.36452823877334595,0.8482142686843872,0.16025519371032715,0.9563758373260498,2023-10-30 13:39:40,selu,binary_crossentropy,adam,sigmoid,128,rgb,False,128,128,bilinear,binary,50,10000000000,
fervor_sliceable,0.3647179901599884,0.8616071343421936,0.2569979727268219,0.895413875579834,2023-10-28 22:19:49,relu,binary_crossentropy,adam,sigmoid,32,grayscale,False,32,32,bilinear,binary,50,10000000000,0.001
capacity_pentagram,0.3647642731666565,0.859375,0.21780827641487122,0.9149888157844543,2023-10-30 12:47:19,selu,binary_crossentropy,adam,sigmoid,128,rgb,False,32,32,bilinear,binary,50,10000000000,
tiptoeing_uncloak,0.364799827337265,0.828125,0.18749895691871643,0.9435123205184937,2023-10-30 10:00:21,selu,binary_crossentropy,adam,sigmoid,128,grayscale,False,128,128,bilinear,binary,50,10000000000,
anime_reabsorb,0.3669815957546234,0.8348214030265808,0.21029262244701385,0.9189038276672363,2023-10-27 15:12:25,selu,binary_crossentropy,adam,sigmoid,32,grayscale,False,32,32,bilinear,binary,50,10000000000,0.001
ending_contrite,0.36811563372612,0.84375,0.06216778606176376,0.994966447353363,2023-10-30 08:13:07,selu,binary_crossentropy,adam,sigmoid,64,rgb,False,256,256,bilinear,binary,50,10000000000,
opulently_energy,0.3683640658855438,0.84375,0.21575547754764557,0.9138702750205994,2023-10-29 15:26:09,swish,binary_crossentropy,adam,sigmoid,128,rgb,False,128,128,bilinear,binary,50,10000000000,0.001
upward_jolly,0.3697858154773712,0.8504464030265808,0.26629382371902466,0.8825503587722778,2023-10-29 04:24:44,selu,binary_crossentropy,adam,sigmoid,64,grayscale,False,32,32,bilinear,binary,50,10000000000,0.001
outward_fervor,0.3718577027320862,0.8303571343421936,0.20583581924438477,0.922259509563446,2023-10-30 06:05:17,selu,binary_crossentropy,adam,sigmoid,64,rgb,False,64,64,bilinear,binary,50,10000000000,
crescent_harbor,0.37226375937461853,0.8571428656578064,0.29951202869415283,0.8752796649932861,2023-10-30 06:10:26,swish,binary_crossentropy,adam,sigmoid,64,rgb,False,64,64,bilinear,binary,50,10000000000,
subsector_sandbank,0.37390920519828796,0.8415178656578064,0.30909618735313416,0.8674496412277222,2023-10-30 09:10:20,selu,binary_crossentropy,adam,sigmoid,128,grayscale,False,32,32,bilinear,binary,50,10000000000,
slapstick_crummy,0.37475910782814026,0.8370535969734192,0.27940037846565247,0.8831096291542053,2023-10-27 21:08:03,swish,binary_crossentropy,adam,sigmoid,32,rgb,False,256,256,bilinear,binary,50,10000000000,0.001
crushable_udder,0.37593963742256165,0.8348214030265808,0.25959259271621704,0.9021252989768982,2023-10-30 12:59:21,relu,binary_crossentropy,adam,sigmoid,128,rgb,False,64,64,bilinear,binary,50,10000000000,
granny_annually,0.3762328028678894,0.8348214030265808,0.36114612221717834,0.8350111842155457,2023-10-29 04:27:38,swish,binary_crossentropy,adam,sigmoid,64,grayscale,False,32,32,bilinear,binary,50,10000000000,0.001
pusher_thirsting,0.37715664505958557,0.8303571343421936,0.2674791216850281,0.8898210525512695,2023-10-27 15:09:57,relu,binary_crossentropy,adam,sigmoid,32,grayscale,False,32,32,bilinear,binary,50,10000000000,0.001
viewing_greeter,0.377230167388916,0.8660714030265808,0.28133106231689453,0.890380322933197,2023-10-29 23:09:21,selu,binary_crossentropy,adam,sigmoid,32,rgb,False,64,64,bilinear,binary,50,10000000000,
cobweb_jogging,0.37848368287086487,0.8526785969734192,0.09212951362133026,0.9787471890449524,2023-10-29 05:06:34,selu,binary_crossentropy,adam,sigmoid,64,grayscale,False,128,128,bilinear,binary,50,10000000000,0.001
pantyhose_diagnoses,0.37849822640419006,0.8370535969734192,0.20336292684078217,0.9217002391815186,2023-10-29 22:53:23,selu,binary_crossentropy,adam,sigmoid,32,rgb,False,32,32,bilinear,binary,50,10000000000,
cupped_suffering,0.3795695900917053,0.84375,0.23359370231628418,0.9161073565483093,2023-10-30 03:05:50,selu,binary_crossentropy,adam,sigmoid,64,grayscale,False,64,64,bilinear,binary,50,10000000000,
decal_ongoing,0.38182488083839417,0.8459821343421936,0.24266710877418518,0.8970917463302612,2023-10-27 17:54:44,selu,binary_crossentropy,adam,sigmoid,32,rgb,False,32,32,bilinear,binary,50,10000000000,0.001
sinner_atop,0.38211360573768616,0.84375,0.3063930571079254,0.8691275119781494,2023-10-28 00:44:03,swish,binary_crossentropy,adam,sigmoid,64,rgb,False,32,32,bilinear,binary,50,10000000000,0.001
thyself_dedicate,0.38235777616500854,0.8370535969734192,0.2713615596294403,0.8909395933151245,2023-10-29 11:21:36,relu,binary_crossentropy,adam,sigmoid,128,grayscale,False,128,128,bilinear,binary,50,10000000000,0.001
caboose_showman,0.3832955062389374,0.8303571343421936,0.2611114978790283,0.896532416343689,2023-10-29 04:55:44,relu,binary_crossentropy,adam,sigmoid,64,grayscale,False,128,128,bilinear,binary,50,10000000000,0.001
gully_childcare,0.38332828879356384,0.8325892686843872,0.30414819717407227,0.8763982057571411,2023-10-30 02:47:38,selu,binary_crossentropy,adam,sigmoid,64,grayscale,False,32,32,bilinear,binary,50,10000000000,
overfull_caramel,0.38388919830322266,0.84375,0.3205469846725464,0.8668903708457947,2023-10-27 15:15:03,swish,binary_crossentropy,adam,sigmoid,32,grayscale,False,32,32,bilinear,binary,50,10000000000,0.001
grill_rift,0.38433822989463806,0.8348214030265808,0.31755608320236206,0.8685682415962219,2023-10-29 19:26:50,relu,binary_crossentropy,adam,sigmoid,32,grayscale,False,32,32,bilinear,binary,50,10000000000,
retriever_violator,0.38659244775772095,0.8370535969734192,0.1807897388935089,0.9395973086357117,2023-10-27 21:47:57,relu,binary_crossentropy,adam,sigmoid,64,grayscale,False,128,128,bilinear,binary,50,10000000000,0.001
disclose_cupbearer,0.38768115639686584,0.8258928656578064,0.23514270782470703,0.9144295454025269,2023-10-30 00:46:35,relu,binary_crossentropy,adam,sigmoid,32,rgb,False,256,256,bilinear,binary,50,10000000000,
daunting_prissy,0.3903163969516754,0.8325892686843872,0.30874037742614746,0.8741610646247864,2023-10-28 04:35:46,selu,binary_crossentropy,adam,sigmoid,128,grayscale,False,32,32,bilinear,binary,50,10000000000,0.001
cackle_untwist,0.39111608266830444,0.8370535969734192,0.2013353854417801,0.9244966506958008,2023-10-29 14:08:13,selu,binary_crossentropy,adam,sigmoid,128,rgb,False,32,32,bilinear,binary,50,10000000000,0.001
hurricane_decline,0.3913586735725403,0.8459821343421936,0.25742408633232117,0.8970917463302612,2023-10-28 23:07:41,swish,binary_crossentropy,adam,sigmoid,32,grayscale,False,128,128,bilinear,binary,50,10000000000,0.001
unworthy_freebie,0.39304569363594055,0.8325892686843872,0.3270758092403412,0.8652125000953674,2023-10-30 02:41:16,swish,binary_crossentropy,adam,sigmoid,32,rgb,False,256,256,bilinear,binary,50,10000000000,
knoll_blazing,0.393368661403656,0.8236607313156128,0.2466941624879837,0.9032438397407532,2023-10-30 02:53:45,swish,binary_crossentropy,adam,sigmoid,64,grayscale,False,32,32,bilinear,binary,50,10000000000,
kerosene_gatherer,0.39374569058418274,0.8325892686843872,0.26769569516181946,0.8982102870941162,2023-10-29 18:20:07,swish,binary_crossentropy,adam,sigmoid,128,rgb,False,256,256,bilinear,binary,50,10000000000,0.001
hangout_drowsily,0.39404281973838806,0.8370535969734192,0.33416110277175903,0.8573825359344482,2023-10-30 09:07:41,relu,binary_crossentropy,adam,sigmoid,128,grayscale,False,32,32,bilinear,binary,50,10000000000,
fancy_jackal,0.397108256816864,0.8348214030265808,0.17195849120616913,0.9373601675033569,2023-10-30 06:00:33,relu,binary_crossentropy,adam,sigmoid,64,rgb,False,64,64,bilinear,binary,50,10000000000,
crock_festivity,0.39770910143852234,0.8392857313156128,0.2977280616760254,0.8696867823600769,2023-10-29 14:14:43,swish,binary_crossentropy,adam,sigmoid,128,rgb,False,32,32,bilinear,binary,50,10000000000,0.001
squishier_crumpet,0.399292916059494,0.8482142686843872,0.20888212323188782,0.922259509563446,2023-10-30 17:17:55,swish,binary_crossentropy,adam,sigmoid,128,rgb,False,256,256,bilinear,binary,50,10000000000,
stereo_endocrine,0.39952656626701355,0.8236607313156128,0.3047066926956177,0.8747203350067139,2023-10-29 19:29:23,selu,binary_crossentropy,adam,sigmoid,32,grayscale,False,32,32,bilinear,binary,50,10000000000,
tabloid_enticing,0.40050962567329407,0.8258928656578064,0.2218172401189804,0.9065995812416077,2023-10-27 21:27:32,selu,binary_crossentropy,adam,sigmoid,64,grayscale,False,64,64,bilinear,binary,50,10000000000,0.001
banker_hemlock,0.40080252289772034,0.8325892686843872,0.263144850730896,0.8998881578445435,2023-10-30 10:19:56,swish,binary_crossentropy,adam,sigmoid,128,grayscale,False,128,128,bilinear,binary,50,10000000000,
reattach_enunciate,0.40114471316337585,0.8258928656578064,0.25612956285476685,0.9133109450340271,2023-10-29 01:01:13,relu,binary_crossentropy,adam,sigmoid,32,rgb,False,32,32,bilinear,binary,50,10000000000,0.001
axis_cesspool,0.40213125944137573,0.8102678656578064,0.17229579389095306,0.9345637559890747,2023-10-29 01:31:43,relu,binary_crossentropy,adam,sigmoid,32,rgb,False,128,128,bilinear,binary,50,10000000000,0.001
footwork_repeater,0.40406423807144165,0.8147321343421936,0.3083439767360687,0.8797538876533508,2023-10-30 09:48:16,relu,binary_crossentropy,adam,sigmoid,128,grayscale,False,128,128,bilinear,binary,50,10000000000,
shock_entrap,0.40434709191322327,0.8325892686843872,0.2180042713880539,0.9127516746520996,2023-10-28 01:14:18,relu,binary_crossentropy,adam,sigmoid,64,rgb,False,128,128,bilinear,binary,50,10000000000,0.001
enduring_moonlike,0.4050048291683197,0.8169642686843872,0.2981780171394348,0.8831096291542053,2023-10-30 00:01:29,swish,binary_crossentropy,adam,sigmoid,32,rgb,False,128,128,bilinear,binary,50,10000000000,
demanding_argue,0.4055233299732208,0.828125,0.3135026693344116,0.8652125000953674,2023-10-27 21:13:43,selu,binary_crossentropy,adam,sigmoid,64,grayscale,False,32,32,bilinear,binary,50,10000000000,0.001
phobia_blame,0.40688571333885193,0.8214285969734192,0.2908696234226227,0.8724831938743591,2023-10-28 00:39:52,selu,binary_crossentropy,adam,sigmoid,64,rgb,False,32,32,bilinear,binary,50,10000000000,0.001
slam_granular,0.40694770216941833,0.8258928656578064,0.3307337760925293,0.8652125000953674,2023-10-28 22:28:05,relu,binary_crossentropy,adam,sigmoid,32,grayscale,False,64,64,bilinear,binary,50,10000000000,0.001
wolverine_headfirst,0.4079611003398895,0.8058035969734192,0.17537951469421387,0.9546979665756226,2023-10-29 09:13:25,relu,binary_crossentropy,adam,sigmoid,64,rgb,False,256,256,bilinear,binary,50,10000000000,0.001
emblem_disclose,0.40816137194633484,0.8214285969734192,0.23319634795188904,0.9177852272987366,2023-10-28 00:54:53,selu,binary_crossentropy,adam,sigmoid,64,rgb,False,64,64,bilinear,binary,50,10000000000,0.001
massager_anyplace,0.40872591733932495,0.8325892686843872,0.2747328281402588,0.8948546051979065,2023-10-29 01:15:56,selu,binary_crossentropy,adam,sigmoid,32,rgb,False,64,64,bilinear,binary,50,10000000000,0.001
eskimo_ripcord,0.41165876388549805,0.8325892686843872,0.28842470049858093,0.8713646531105042,2023-10-29 10:46:27,selu,binary_crossentropy,adam,sigmoid,128,grayscale,False,32,32,bilinear,binary,50,10000000000,0.001
staining_overfill,0.41436681151390076,0.8236607313156128,0.22424490749835968,0.9161073565483093,2023-10-29 19:41:29,selu,binary_crossentropy,adam,sigmoid,32,grayscale,False,64,64,bilinear,binary,50,10000000000,
uncoiled_evoke,0.42155739665031433,0.8125,0.3386750817298889,0.8540268540382385,2023-10-28 22:21:46,selu,binary_crossentropy,adam,sigmoid,32,grayscale,False,32,32,bilinear,binary,50,10000000000,0.001
casually_had,0.42215466499328613,0.8080357313156128,0.18727652728557587,0.9317673444747925,2023-10-28 22:31:33,selu,binary_crossentropy,adam,sigmoid,32,grayscale,False,64,64,bilinear,binary,50,10000000000,0.001
grievance_gravy,0.42368683218955994,0.8236607313156128,0.21660813689231873,0.9105145335197449,2023-10-27 18:06:18,selu,binary_crossentropy,adam,sigmoid,32,rgb,False,64,64,bilinear,binary,50,10000000000,0.001
tried_outer,0.4243985116481781,0.8147321343421936,0.26357293128967285,0.8937360048294067,2023-10-28 22:46:12,relu,binary_crossentropy,adam,sigmoid,32,grayscale,False,128,128,bilinear,binary,50,10000000000,0.001
applicant_passive,0.42606523633003235,0.8348214030265808,0.2395116090774536,0.9071588516235352,2023-10-29 07:49:12,selu,binary_crossentropy,adam,sigmoid,64,rgb,False,64,64,bilinear,binary,50,10000000000,0.001
atlas_deranged,0.4266987442970276,0.8191964030265808,0.3435911536216736,0.8529082536697388,2023-10-29 11:11:38,swish,binary_crossentropy,adam,sigmoid,128,grayscale,False,64,64,bilinear,binary,50,10000000000,0.001
agenda_reopen,0.4318172037601471,0.7901785969734192,0.3685762882232666,0.8355704545974731,2023-10-29 20:19:01,swish,binary_crossentropy,adam,sigmoid,32,grayscale,False,128,128,bilinear,binary,50,10000000000,
laundry_smoked,0.4323740601539612,0.8035714030265808,0.25572171807289124,0.9015659689903259,2023-10-29 12:19:19,relu,binary_crossentropy,adam,sigmoid,128,grayscale,False,256,256,bilinear,binary,50,10000000000,0.001
brewery_luxurious,0.43248406052589417,0.8236607313156128,0.3816831111907959,0.8450782895088196,2023-10-30 02:44:45,relu,binary_crossentropy,adam,sigmoid,64,grayscale,False,32,32,bilinear,binary,50,10000000000,
thirsting_hunk,0.43337732553482056,0.7991071343421936,0.39158105850219727,0.8299776315689087,2023-10-29 20:58:21,relu,binary_crossentropy,adam,sigmoid,32,grayscale,False,256,256,bilinear,binary,50,10000000000,
wrinkle_stiffen,0.4339127838611603,0.8125,0.15295284986495972,0.9597315192222595,2023-10-29 15:02:40,selu,binary_crossentropy,adam,sigmoid,128,rgb,False,128,128,bilinear,binary,50,10000000000,0.001
absentee_swab,0.43419378995895386,0.8147321343421936,0.26149165630340576,0.8959731459617615,2023-10-30 03:49:52,swish,binary_crossentropy,adam,sigmoid,64,grayscale,False,128,128,bilinear,binary,50,10000000000,
shifting_transfer,0.43431559205055237,0.7991071343421936,0.29829010367393494,0.8708053827285767,2023-10-30 03:12:33,swish,binary_crossentropy,adam,sigmoid,64,grayscale,False,64,64,bilinear,binary,50,10000000000,
imminent_graves,0.4366261065006256,0.8125,0.2995057702064514,0.8763982057571411,2023-10-29 01:04:03,selu,binary_crossentropy,adam,sigmoid,32,rgb,False,32,32,bilinear,binary,50,10000000000,0.001
swoop_creole,0.43976977467536926,0.7901785969734192,0.386601984500885,0.8243848085403442,2023-10-27 18:50:29,swish,binary_crossentropy,adam,sigmoid,32,rgb,False,128,128,bilinear,binary,50,10000000000,0.001
composite_vision,0.44056054949760437,0.8035714030265808,0.3256092071533203,0.8680089712142944,2023-10-27 22:15:09,swish,binary_crossentropy,adam,sigmoid,64,grayscale,False,128,128,bilinear,binary,50,10000000000,0.001
ferry_gristle,0.44489312171936035,0.8392857313156128,0.2032938003540039,0.9250559210777283,2023-10-29 04:39:28,selu,binary_crossentropy,adam,sigmoid,64,grayscale,False,64,64,bilinear,binary,50,10000000000,0.001
renewal_carbon,0.445561021566391,0.7991071343421936,0.32350364327430725,0.863534688949585,2023-10-29 04:16:12,swish,binary_crossentropy,adam,sigmoid,32,rgb,False,256,256,bilinear,binary,50,10000000000,0.001
oven_shrank,0.44584721326828003,0.7991071343421936,0.42865675687789917,0.8104026913642883,2023-10-29 00:57:40,swish,binary_crossentropy,adam,sigmoid,32,grayscale,False,256,256,bilinear,binary,50,10000000000,0.001
litter_droop,0.4465225636959076,0.7857142686843872,0.4111576974391937,0.8148769736289978,2023-10-27 15:56:54,swish,binary_crossentropy,adam,sigmoid,32,grayscale,False,128,128,bilinear,binary,50,10000000000,0.001
consoling_preseason,0.4488392472267151,0.8035714030265808,0.1639484018087387,0.9457494616508484,2023-10-30 10:55:58,relu,binary_crossentropy,adam,sigmoid,128,grayscale,False,256,256,bilinear,binary,50,10000000000,
angrily_reconfirm,0.4520978629589081,0.7767857313156128,0.3829539120197296,0.8467561602592468,2023-10-30 05:43:54,swish,binary_crossentropy,adam,sigmoid,64,grayscale,False,256,256,bilinear,binary,50,10000000000,
sector_emotion,0.45277923345565796,0.78125,0.41376855969429016,0.8193512558937073,2023-10-29 05:19:49,swish,binary_crossentropy,adam,sigmoid,64,grayscale,False,128,128,bilinear,binary,50,10000000000,0.001
remix_harness,0.4546082317829132,0.7946428656578064,0.2356325387954712,0.9149888157844543,2023-10-29 01:42:47,selu,binary_crossentropy,adam,sigmoid,32,rgb,False,128,128,bilinear,binary,50,10000000000,0.001
commend_take,0.4585231840610504,0.7924107313156128,0.2827904522418976,0.8948546051979065,2023-10-27 18:35:12,selu,binary_crossentropy,adam,sigmoid,32,rgb,False,128,128,bilinear,binary,50,10000000000,0.001
spilt_maritime,0.45923519134521484,0.7767857313156128,0.35396134853363037,0.8473154306411743,2023-10-29 01:56:08,swish,binary_crossentropy,adam,sigmoid,32,rgb,False,128,128,bilinear,binary,50,10000000000,0.001
jackpot_calculus,0.461115300655365,0.7857142686843872,0.33020851016044617,0.8691275119781494,2023-10-27 15:35:34,relu,binary_crossentropy,adam,sigmoid,32,grayscale,False,128,128,bilinear,binary,50,10000000000,0.001
italics_granny,0.4626360535621643,0.7745535969734192,0.40629616379737854,0.8204697966575623,2023-10-29 11:44:17,swish,binary_crossentropy,adam,sigmoid,128,grayscale,False,128,128,bilinear,binary,50,10000000000,0.001
runt_famine,0.46277040243148804,0.8102678656578064,0.23133662343025208,0.9127516746520996,2023-10-29 11:06:16,selu,binary_crossentropy,adam,sigmoid,128,grayscale,False,64,64,bilinear,binary,50,10000000000,0.001
raft_flinch,0.4641583263874054,0.8035714030265808,0.2981792986392975,0.9043624401092529,2023-10-30 04:59:35,selu,binary_crossentropy,adam,sigmoid,64,grayscale,False,256,256,bilinear,binary,50,10000000000,
unhealthy_serving,0.46602779626846313,0.8147321343421936,0.18683691322803497,0.93232661485672,2023-10-30 09:29:45,selu,binary_crossentropy,adam,sigmoid,128,grayscale,False,64,64,bilinear,binary,50,10000000000,
moonwalk_pry,0.46909433603286743,0.7790178656578064,0.21708045899868011,0.9468680024147034,2023-10-29 17:14:33,selu,binary_crossentropy,adam,sigmoid,128,rgb,False,256,256,bilinear,binary,50,10000000000,0.001
babbling_xbox,0.4734653830528259,0.7879464030265808,0.34033122658729553,0.886465311050415,2023-10-29 01:11:47,relu,binary_crossentropy,adam,sigmoid,32,rgb,False,64,64,bilinear,binary,50,10000000000,0.001
plywood_boxy,0.47858721017837524,0.7991071343421936,0.1305401772260666,0.9737136363983154,2023-10-27 20:10:27,selu,binary_crossentropy,adam,sigmoid,32,rgb,False,256,256,bilinear,binary,50,10000000000,0.001
resemble_gradually,0.48077699542045593,0.7767857313156128,0.36358940601348877,0.8461968898773193,2023-10-29 05:54:20,relu,binary_crossentropy,adam,sigmoid,64,grayscale,False,256,256,bilinear,binary,50,10000000000,0.001
obsessive_residual,0.48112815618515015,0.7946428656578064,0.19266000390052795,0.9334452152252197,2023-10-29 22:43:52,swish,binary_crossentropy,adam,sigmoid,32,grayscale,False,256,256,bilinear,binary,50,10000000000,
wager_hurricane,0.4812772870063782,0.7767857313156128,0.45702028274536133,0.7885906100273132,2023-10-27 15:22:04,selu,binary_crossentropy,adam,sigmoid,32,grayscale,False,64,64,bilinear,binary,50,10000000000,0.001
decal_untie,0.4841601252555847,0.7834821343421936,0.20445095002651215,0.9463087320327759,2023-10-29 13:05:39,selu,binary_crossentropy,adam,sigmoid,128,grayscale,False,256,256,bilinear,binary,50,10000000000,0.001
irrigate_siberian,0.4877825677394867,0.7477678656578064,0.5072347521781921,0.708053708076477,2023-10-30 14:45:52,relu,binary_crossentropy,adam,sigmoid,128,rgb,False,256,256,bilinear,binary,50,10000000000,
blinks_stinking,0.4896126389503479,0.7633928656578064,0.3893113136291504,0.8478747010231018,2023-10-30 03:25:05,relu,binary_crossentropy,adam,sigmoid,64,grayscale,False,128,128,bilinear,binary,50,10000000000,
hazard_commode,0.4947432577610016,0.7566964030265808,0.3815248906612396,0.8316555023193359,2023-10-30 12:35:14,swish,binary_crossentropy,adam,sigmoid,128,grayscale,False,256,256,bilinear,binary,50,10000000000,
unmoving_copy,0.496874064207077,0.7857142686843872,0.2538240849971771,0.899328887462616,2023-10-28 01:27:34,selu,binary_crossentropy,adam,sigmoid,64,rgb,False,128,128,bilinear,binary,50,10000000000,0.001
chuck_riddance,0.497078001499176,0.7879464030265808,0.512599527835846,0.758948564529419,2023-10-30 09:04:08,swish,binary_crossentropy,adam,sigmoid,64,rgb,False,256,256,bilinear,binary,50,10000000000,
overturn_lair,0.5005132555961609,0.7477678656578064,0.45450446009635925,0.8154362440109253,2023-10-27 18:22:22,relu,binary_crossentropy,adam,sigmoid,32,rgb,False,128,128,bilinear,binary,50,10000000000,0.001
pumice_nectar,0.5026785135269165,0.7611607313156128,0.3684540390968323,0.8573825359344482,2023-10-28 04:27:51,swish,binary_crossentropy,adam,sigmoid,64,rgb,False,256,256,bilinear,binary,50,10000000000,0.001
unframed_purge,0.5054468512535095,0.7633928656578064,0.4218345880508423,0.81767338514328,2023-10-29 13:55:45,swish,binary_crossentropy,adam,sigmoid,128,grayscale,False,256,256,bilinear,binary,50,10000000000,0.001
sulfite_justness,0.5065280795097351,0.7879464030265808,0.289730429649353,0.8730425238609314,2023-10-30 13:24:47,relu,binary_crossentropy,adam,sigmoid,128,rgb,False,128,128,bilinear,binary,50,10000000000,
spearmint_lethargic,0.5065378546714783,0.78125,0.3121805787086487,0.8853467702865601,2023-10-27 18:02:00,relu,binary_crossentropy,adam,sigmoid,32,rgb,False,64,64,bilinear,binary,50,10000000000,0.001
coral_scone,0.5085222125053406,0.7767857313156128,0.2841556966304779,0.9093959927558899,2023-10-30 01:35:43,selu,binary_crossentropy,adam,sigmoid,32,rgb,False,256,256,bilinear,binary,50,10000000000,
irate_promotion,0.5085297226905823,0.7254464030265808,0.4715418815612793,0.7734899520874023,2023-10-29 02:35:15,relu,binary_crossentropy,adam,sigmoid,32,rgb,False,256,256,bilinear,binary,50,10000000000,0.001
giggle_jalapeno,0.5093056559562683,0.7455357313156128,0.44119715690612793,0.8081655502319336,2023-10-27 21:58:55,selu,binary_crossentropy,adam,sigmoid,64,grayscale,False,128,128,bilinear,binary,50,10000000000,0.001
growl_unmarked,0.5093352198600769,0.7455357313156128,0.3608928322792053,0.8489933013916016,2023-10-27 16:28:52,relu,binary_crossentropy,adam,sigmoid,32,grayscale,False,256,256,bilinear,binary,50,10000000000,0.001
disarm_acuteness,0.5094977617263794,0.7455357313156128,0.4088779389858246,0.818791925907135,2023-10-29 20:05:21,selu,binary_crossentropy,adam,sigmoid,32,grayscale,False,128,128,bilinear,binary,50,10000000000,
contest_habitual,0.5115745663642883,0.7276785969734192,0.4835638999938965,0.7953020334243774,2023-10-29 19:55:51,relu,binary_crossentropy,adam,sigmoid,32,grayscale,False,128,128,bilinear,binary,50,10000000000,
shirt_scouring,0.5156905055046082,0.7410714030265808,0.3803418278694153,0.8450782895088196,2023-10-30 04:22:58,relu,binary_crossentropy,adam,sigmoid,64,grayscale,False,256,256,bilinear,binary,50,10000000000,
esteemed_shrug,0.5235392451286316,0.7455357313156128,0.38377729058265686,0.8406040072441101,2023-10-29 11:31:55,selu,binary_crossentropy,adam,sigmoid,128,grayscale,False,128,128,bilinear,binary,50,10000000000,0.001
licking_mammary,0.5250325798988342,0.7611607313156128,0.27729204297065735,0.9172259569168091,2023-10-30 11:39:01,selu,binary_crossentropy,adam,sigmoid,128,grayscale,False,256,256,bilinear,binary,50,10000000000,
limes_crate,0.525532066822052,0.7321428656578064,0.3201945722103119,0.8982102870941162,2023-10-28 03:33:30,selu,binary_crossentropy,adam,sigmoid,64,rgb,False,256,256,bilinear,binary,50,10000000000,0.001
outflank_predefine,0.5255740284919739,0.703125,0.42839959263801575,0.8064876794815063,2023-10-29 23:29:08,relu,binary_crossentropy,adam,sigmoid,32,rgb,False,128,128,bilinear,binary,50,10000000000,
washout_smith,0.5263659954071045,0.7477678656578064,0.3579463064670563,0.8758389353752136,2023-10-29 21:42:17,selu,binary_crossentropy,adam,sigmoid,32,grayscale,False,256,256,bilinear,binary,50,10000000000,
slit_itinerary,0.5285000205039978,0.7388392686843872,0.375739187002182,0.8517897129058838,2023-10-29 06:30:37,selu,binary_crossentropy,adam,sigmoid,64,grayscale,False,256,256,bilinear,binary,50,10000000000,0.001
synthesis_flint,0.5288081169128418,0.7455357313156128,0.4930058419704437,0.7628635168075562,2023-10-27 17:46:40,swish,binary_crossentropy,adam,sigmoid,32,grayscale,False,256,256,bilinear,binary,50,10000000000,0.001
backboard_savanna,0.5298639535903931,0.7544642686843872,0.44902461767196655,0.7975391745567322,2023-10-28 22:55:12,selu,binary_crossentropy,adam,sigmoid,32,grayscale,False,128,128,bilinear,binary,50,10000000000,0.001
stardom_pawing,0.531505286693573,0.7165178656578064,0.3244636654853821,0.8875839114189148,2023-10-29 09:51:55,selu,binary_crossentropy,adam,sigmoid,64,rgb,False,256,256,bilinear,binary,50,10000000000,0.001
angling_antiquely,0.5326307415962219,0.7410714030265808,0.41615015268325806,0.8411633372306824,2023-10-27 17:02:21,selu,binary_crossentropy,adam,sigmoid,32,grayscale,False,256,256,bilinear,binary,50,10000000000,0.001
garage_canopy,0.5327622890472412,0.7410714030265808,0.43207889795303345,0.8092840909957886,2023-10-27 15:44:52,selu,binary_crossentropy,adam,sigmoid,32,grayscale,False,128,128,bilinear,binary,50,10000000000,0.001
universe_unglazed,0.533524215221405,0.734375,0.5294123291969299,0.741051435470581,2023-10-27 19:30:38,relu,binary_crossentropy,adam,sigmoid,32,rgb,False,256,256,bilinear,binary,50,10000000000,0.001
immortal_mammal,0.5362605452537537,0.7410714030265808,0.41069695353507996,0.8255033493041992,2023-10-29 07:22:39,swish,binary_crossentropy,adam,sigmoid,64,grayscale,False,256,256,bilinear,binary,50,10000000000,0.001
amusement_gander,0.5367230176925659,0.734375,0.3910711109638214,0.853467583656311,2023-10-27 23:39:30,selu,binary_crossentropy,adam,sigmoid,64,grayscale,False,256,256,bilinear,binary,50,10000000000,0.001
chive_cartridge,0.5449140071868896,0.6607142686843872,0.48285114765167236,0.7315436005592346,2023-10-29 14:46:53,relu,binary_crossentropy,adam,sigmoid,128,rgb,False,128,128,bilinear,binary,50,10000000000,0.001
dab_dental,0.5507944226264954,0.7410714030265808,0.40651416778564453,0.8322147727012634,2023-10-29 00:14:57,selu,binary_crossentropy,adam,sigmoid,32,grayscale,False,256,256,bilinear,binary,50,10000000000,0.001
sulfate_plop,0.5508900880813599,0.6339285969734192,0.5228201150894165,0.6655480861663818,2023-10-30 06:19:42,relu,binary_crossentropy,adam,sigmoid,64,rgb,False,128,128,bilinear,binary,50,10000000000,
promptly_balance,0.5527713894844055,0.7410714030265808,0.2689322531223297,0.9021252989768982,2023-10-29 16:18:04,relu,binary_crossentropy,adam,sigmoid,128,rgb,False,256,256,bilinear,binary,50,10000000000,0.001
yearbook_zigzagged,0.5567030906677246,0.7455357313156128,0.5944440364837646,0.7114093899726868,2023-10-29 10:39:42,swish,binary_crossentropy,adam,sigmoid,64,rgb,False,256,256,bilinear,binary,50,10000000000,0.001
dial_lens,0.5644195079803467,0.7142857313156128,0.5460110902786255,0.7293064594268799,2023-10-28 00:29:52,swish,binary_crossentropy,adam,sigmoid,64,grayscale,False,256,256,bilinear,binary,50,10000000000,0.001
patriot_washroom,0.5665642023086548,0.6986607313156128,0.5019737482070923,0.7852349281311035,2023-10-29 03:17:25,selu,binary_crossentropy,adam,sigmoid,32,rgb,False,256,256,bilinear,binary,50,10000000000,0.001
contact_surround,0.5732558965682983,0.7209821343421936,0.40298619866371155,0.8428411483764648,2023-10-30 03:35:41,selu,binary_crossentropy,adam,sigmoid,64,grayscale,False,128,128,bilinear,binary,50,10000000000,
rack_untie,0.6931471824645996,0.5,0.6931519508361816,0.5,2023-10-30 05:46:14,relu,binary_crossentropy,adam,sigmoid,64,rgb,False,32,32,bilinear,binary,50,10000000000,
